country,distributor,distributor_product_name,sanofi_product_name,sanofi_gmid
KE,Harleys,,"AMARYL 1MG 30 TABS",645820
KE,Harleys,,"AMARYL 2MG 30 TABS",645818
KE,Harleys,,"AMARYL 3MG 30'S",261608
KE,Harleys,,"AMARYL 4MG 30 TABS",645819
KE,Harleys,,"AMARYL M SR 2MG 30'S",321233
KE,Harleys,,"AMARYL MIR 2-500MG TABCO BL3X10 XE",307013
KE,Harleys,,"AMEDIN 10MG TABS 2X14",475652
KE,Harleys,,"AMEDIN 5MG TABS 2X14",475862
KE,Harleys,,"APIDRA SOLOSTAR 300IU INJ/5",380567
KE,Harleys,,"APROVASC 150/10",539185
KE,Harleys,,"APROVASC 150/5",539183
KE,Harleys,,"APROVASC 300/10",539181
KE,Harleys,,"APROVASC 300/5",539182
KE,Harleys,,"APROVEL 300MG TABCO BL2X14 RM M36 XE",196681
KE,Harleys,,"COAPROVEL 300-12.5MG TABCO BL2X14 RM XD",247832
KE,Harleys,,"COAPROVEL RM 150-12.5MG TABCO BL2X14 XD",247831
KE,Harleys,,"ASAQ 100MG TAB 25BLIX3 EX",373881
KE,Harleys,,"ASAQ 100MG TAB BL1X3 XD",373877
KE,Harleys,,"ASAQ 100MG TAB BL1X6 XD",373878
KE,Harleys,,"ASAQ 100MG TAB BL25X6 EX",338356
KE,Harleys,,"ASAQ 100MG TAB BL25X6 XD",373879
KE,Harleys,,"ASAQ 100MG TAB BLI25X3 XD",341781
KE,Harleys,,"ASAQ 25MG TAB 25BLIX3 EX",306725
KE,Harleys,,"ASAQ 25MG TAB BL1X3 XD",373875
KE,Harleys,,"ASAQ 25MG TAB BLI25X3 XD",213860
KE,Harleys,,"ASAQ 50MG TAB 25BLIX3 EX",1
KE,Harleys,,"ASAQ 50MG TAB BL1X3 XD",373876
KE,Harleys,,"ASAQ 50MG TAB BLI25X3 XD",222
KE,Harleys,,"ASPEGIC 1G/5ML INJPO BTX20 S3 M24 EX",477045
KE,Harleys,,"AXACEF 250MG TABCO BL1X10 M36 GH",475987
KE,Harleys,,"AXACEF 500MG TABCO BL1X10 M36 KE",475988
KE,Harleys,,"BIOFERON 305MG CAP 3X10",698116
KE,Harleys,,"BIOFERON 8G/200ML+ SYR BTX1 M30 EX",679090
KE,Harleys,,"BISOLVON LINCTUS 200ML",654229
KE,Harleys,,"BISOLVON TABLETS 8mg * 20's",651737
KE,Harleys,,"BRONCHICUM 6.64G/+ ELIX BTX1 XE",352016
KE,Harleys,,"BRUMED 2G/100ML SYR BTX1 M36 EX",476959
KE,Harleys,,"BRUMED 400MG TABSC BL10X10 M36 EX",476936
KE,Harleys,,"BUSCOPAN AMPOULES 20mg/1ml * 5's",652574
KE,Harleys,,"BUSCOPAN PLUS TABLETS * 50's",653030
KE,Harleys,,"BUSCOPAN TABLETS BP 10mg * 50's",651969
KE,Harleys,,"CLEXANE 2KIU/0.2ML INJ PS2 SWI M24 XE",655022
KE,Harleys,,"CLEXANE 4KIU/0.4ML INJ PS2 SWI M24 XE",655023
KE,Harleys,,"CLEXANE 6KIU/0.6ML INJ PS2 SWI M24 XE",655024
KE,Harleys,,"CLEXANE 8KIU/0.8ML INJ PS2 SWI M24 XE",655025
KE,Harleys,,"CORDARONE 200MG TAB BL3X10 S3 M36 XD",554510
KE,Harleys,,"Daonil 5 mg tablets 30'Export Ghana",371243
KE,Harleys,,"DULCOLAX TABLETS 5mg * 30's SugarC",693896
KE,Harleys,,"ELOXATINE* 100MG LYO 1FL VTE EX AMO S3",407096
KE,Harleys,,"ELOXATINE* 50MG LYO 1FL VTE EX AMO S3",370351
KE,Harleys,,"ENTEROGERMINA 2BCFU/5ML SUSP BTX10 S3 XE",618677
KE,Harleys,,"EPILIM 12G/300ML SYR BTX1",641849
KE,Harleys,,"EPILIM 200MG TAB BL10X10",728129
KE,Harleys,,"EPILIM 400MG/4ML INJPO VL+S1 M60 XE",642931
KE,Harleys,,"EPILIM CHRONO 333-145MG T",643216
KE,Harleys,,"EPILIM CHRONO 8.65G/+ TABCR BL10X10 XE",643215
KE,Harleys,,"ERCEFURYL 200MG CAP BL2X14",592593
KE,Harleys,,"ERCEFURYL 3.6G/90ML SOL BTX1 S2 EX",671538
KE,Harleys,,"FLAGENTYL 500MG TABCO BL1X4 S3 XE",664051
KE,Harleys,,"FLAGYL 0.5% 100ML VIAFLEX (GFR)",67294
KE,Harleys,,"FLAGYL 400MG 100 TABS",645817
KE,Harleys,,"FLAGYL SUSPENSION 100ML",645815
KE,Harleys,,"FLEMING 1G-200MG INJPO VL5 M24 EX",476963
KE,Harleys,,"FLEMING 2.5G/+ INJPO BTX1 M24 EX",476006
KE,Harleys,,"FLEMING 2.8MG/70ML PO BTX1 M24 EX",476009
KE,Harleys,,"FLEMING 250-125MG TABCO BL2X10 M24 NG",475271
KE,Harleys,,"FLEMING 5.6G/70ML PO BTX1 M24 GH",477034
KE,Harleys,,"FLEMING 500-100MG INJPO VL10 M24 NG",477037
KE,Harleys,,"FLEMING 500-125MG TABCO BL2X7 M24 EX",477015
KE,Harleys,,"FLEMING 875-125MG TABCO BL2X7 M24 EX",476043
KE,Harleys,,"GUAMET 500MG TABCO BL2X14 M36 KE",390465
KE,Harleys,,"HISTACET 10MG TABCO BL2X10 M36 KE",390470
KE,Harleys,,"HISTACET 60MG/60ML SYR BTX1 M36 KE",264456
KE,Harleys,,"IBEX 200MG+ CAPEM BL2X12 M36 EX",476933
KE,Harleys,,"ALLSTAR MEDSU PEN1 XE",516219
KE,Harleys,,"LANTUS 300IU/3ML.INJ.CRT5.S3.M36.XE",241634
KE,Harleys,,"LANTUS SOLOSTAR 100IU/ML 3ML 5",615902
KE,Harleys,,"LANTUS VIAL 10MG 1",615926
KE,Harleys,,"LASIX 20MG/2ML INJ AM5 S3 M60 XE",518946
KE,Harleys,,"LASIX 40MG TAB BL2X10 SWI M60 XE",505579
KE,Harleys,,"Maalox 460mg/susp SC20 S3 M36 XE",292174
KE,Harleys,,"MAALOX PLUS SUSP 150ML",506742
KE,Harleys,,"MAALOX PLUS SUSPENSION 350ML (EXPORT)",507364
KE,Harleys,,"MAALOX PLUS TABS EXPORT 10",436418
KE,Harleys,,"MAALOX SUSPENSION 150ML (EXPORT)",506704
KE,Harleys,,"MAALOX SUSPENSION 350ML (EXPORT)",506739
KE,Harleys,,"MUCOSOLVAN L.A 75mg CAPSULES * 10's",653084
KE,Harleys,,"MUCOSOLVAN LIQUID 15mg/5ml * 100ml",651777
KE,Harleys,,"MUCOSOLVAN TABLETS 30mg * 20's",660193
KE,Harleys,,"NOSPA 40MG TAB BL10X10 S3",287552
KE,Harleys,,"NOSPA 40MG TAB BL2X10 XE",287550
KE,Harleys,,"NOSPA 40MG/2ML INJ AM25 XD",289137
KE,Harleys,,"NOSPA 40MG/2ML INJ AM5 XD",289138
KE,Harleys,,"NOSPA 80MG TAB BL2X10 S3",287553
KE,Harleys,,"ORELOX 100MG TABCO BL1X10",298689
KE,Harleys,,"ORELOX 200MG 10CP",374872
KE,Harleys,,"ORELOX 400MG/50ML GRAN BTX1 SWI M24 XE",298693
KE,Harleys,,"ORELOX 800MG/+ GRAN BTX1",298691
KE,Harleys,,"PLAVIX 75MG TABCO BL2X14 M36 XE",222428
KE,Harleys,,"RESONIUM A 453.7G/+ POWD BTX1 M60 XE",258746
KE,Harleys,,"RHINATHIOL 10G/200ML SOL BTX1 XM",477825
KE,Harleys,,"RHINATHIOL 2.5G/125ML SYR BTX1 SAF XM",479387
KE,Harleys,,"RHINATHIOL 6.25G/+ SYR BT",479530
KE,Harleys,,"RHINATHIOL PROMETHAZ 2,5G/+ SYR BTX1 XM",323473
KE,Harleys,,"RIFAFOUR E-275 TABS 84",275807
KE,Harleys,,"RIFINAH 150/75MG TABS 56'S",213847
KE,Harleys,,"RIFINAH 300-150MG TABSC BL2X20 ZA",99114
KE,Harleys,,"RIFOCIN 250MG/3ML INJ AM1 S3 M36 XE",312451
KE,Harleys,,"ROXICEF 750MG INJPO VL1 M36 KE",476998
KE,Harleys,,"ROXICEF 750MG INJPO VL10 M36 KE",283389
KE,Harleys,,"STILNOX 10MG TABCO BL1X14 S3 M48 XD",636825
KE,Harleys,,"TARGOCID IV 400",306632
KE,Harleys,,"TARGOCID VIAL 200MG 2",263980
KE,Harleys,,"TARIVID 200MG 10 TABS",54423
KE,Harleys,,"TAVANIC 500MG TABLETS 5's",310637
KE,Harleys,,"TAVANIC 500MG/+ INFLS VL1",694156
KE,Harleys,,"TAXOTERE 20MG/1ML INJ VL1 M24 XE",413689
KE,Harleys,,"TAXOTERE 80mg NSL 1+1 EXP",414074
KE,Harleys,,"TELFAST 120MG 10 SOUTH AFRICA",340973
KE,Harleys,,"MONO-TILDIEM 200MG CAP BL2X14 S3 M36 XD",670688
KE,Harleys,,"MONO-TILDIEM 300MG CAP BL2X14 S3 M36 XE",213711
KE,Harleys,,"TILDIEM 60MG TAB BL2X15 M36 XD",481300
KE,Harleys,,"TRITACE 2,5MG  28 TABS",627595
KE,Harleys,,"TRITACE 5MG 28 TABS",627597
KE,Harleys,,"TRITAZIDE 10-12.5MG TAB BL2X14 S3 M36 XD",627667
KE,Harleys,,"TRITAZIDE 5-12.5MG TAB BL2X14 S3 M36 XD",282348
KE,Harleys,,"TRITAZIDE 5-25MG TAB BL2X14 S3 M36 XE",209742
KE,Harleys,,"XATRAL 10MG TABCR BL3X10 S3 M36 XD",633072
KE,Harleys,,"XATRAL 2.5MG TABCO BL2X15 S3 M36 XE",639628
KE,Harleys,,"XATRAL 5MG TAB BL4X14 S3 M36 XD",612011
KE,Harleys,,"ZOXON 1G INJPO VL1+AM1 M36 KE",477044
KE,Harleys,,"Product 11",aa001
KE,Harleys,,"Test eam",A001
KE,Harleys,,"Product 1114",aa0014
KE,Harleys,,"APROVEL 150MG TABCO BL2X14 RM M36 XE",196680
KE,Highchem,,"AMARYL 1MG 30 TABS",645820
KE,Highchem,,"AMARYL 2MG 30 TABS",645818
KE,Highchem,,"AMARYL 3MG 30'S",261608
KE,Highchem,,"AMARYL 4MG 30 TABS",645819
KE,Highchem,,"AMARYL M SR 2MG 30'S",321233
KE,Highchem,,"AMARYL MIR 2-500MG TABCO BL3X10 XE",307013
KE,Highchem,,"AMEDIN 10MG TABS 2X14",475652
KE,Highchem,,"AMEDIN 5MG TABS 2X14",475862
KE,Highchem,,"APIDRA SOLOSTAR 300IU INJ/5",380567
KE,Highchem,,"APROVASC 150/10",539185
KE,Highchem,,"APROVASC 150/5",539183
KE,Highchem,,"APROVASC 300/10",539181
KE,Highchem,,"APROVASC 300/5",539182
KE,Highchem,,"APROVEL 300MG TABCO BL2X14 RM M36 XE",196681
KE,Highchem,,"COAPROVEL 300-12.5MG TABCO BL2X14 RM XD",247832
KE,Highchem,,"COAPROVEL RM 150-12.5MG TABCO BL2X14 XD",247831
KE,Highchem,,"ASAQ 100MG TAB 25BLIX3 EX",373881
KE,Highchem,,"ASAQ 100MG TAB BL1X3 XD",373877
KE,Highchem,,"ASAQ 100MG TAB BL1X6 XD",373878
KE,Highchem,,"ASAQ 100MG TAB BL25X6 EX",338356
KE,Highchem,,"ASAQ 100MG TAB BL25X6 XD",373879
KE,Highchem,,"ASAQ 100MG TAB BLI25X3 XD",341781
KE,Highchem,,"ASAQ 25MG TAB 25BLIX3 EX",306725
KE,Highchem,,"ASAQ 25MG TAB BL1X3 XD",373875
KE,Highchem,,"ASAQ 25MG TAB BLI25X3 XD",213860
KE,Highchem,,"ASAQ 50MG TAB 25BLIX3 EX",1
KE,Highchem,,"ASAQ 50MG TAB BL1X3 XD",373876
KE,Highchem,,"ASAQ 50MG TAB BLI25X3 XD",222
KE,Highchem,,"ASPEGIC 1G/5ML INJPO BTX20 S3 M24 EX",477045
KE,Highchem,,"AXACEF 250MG TABCO BL1X10 M36 GH",475987
KE,Highchem,,"AXACEF 500MG TABCO BL1X10 M36 KE",475988
KE,Highchem,,"BIOFERON 305MG CAP 3X10",698116
KE,Highchem,,"BIOFERON 8G/200ML+ SYR BTX1 M30 EX",679090
KE,Highchem,,"BISOLVON LINCTUS 200ML",654229
KE,Highchem,,"BISOLVON TABLETS 8mg * 20's",651737
KE,Highchem,,"BRONCHICUM 6.64G/+ ELIX BTX1 XE",352016
KE,Highchem,,"BRUMED 2G/100ML SYR BTX1 M36 EX",476959
KE,Highchem,,"BRUMED 400MG TABSC BL10X10 M36 EX",476936
KE,Highchem,,"BUSCOPAN AMPOULES 20mg/1ml * 5's",652574
KE,Highchem,,"BUSCOPAN PLUS TABLETS * 50's",653030
KE,Highchem,,"BUSCOPAN TABLETS BP 10mg * 50's",651969
KE,Highchem,,"CLEXANE 2KIU/0.2ML INJ PS2 SWI M24 XE",655022
KE,Highchem,,"CLEXANE 4KIU/0.4ML INJ PS2 SWI M24 XE",655023
KE,Highchem,,"CLEXANE 6KIU/0.6ML INJ PS2 SWI M24 XE",655024
KE,Highchem,,"CLEXANE 8KIU/0.8ML INJ PS2 SWI M24 XE",655025
KE,Highchem,,"CORDARONE 200MG TAB BL3X10 S3 M36 XD",554510
KE,Highchem,,"Daonil 5 mg tablets 30'Export Ghana",371243
KE,Highchem,,"DULCOLAX TABLETS 5mg * 30's SugarC",693896
KE,Highchem,,"ELOXATINE* 100MG LYO 1FL VTE EX AMO S3",407096
KE,Highchem,,"ELOXATINE* 50MG LYO 1FL VTE EX AMO S3",370351
KE,Highchem,,"ENTEROGERMINA 2BCFU/5ML SUSP BTX10 S3 XE",618677
KE,Highchem,,"EPILIM 12G/300ML SYR BTX1",641849
KE,Highchem,,"EPILIM 200MG TAB BL10X10",728129
KE,Highchem,,"EPILIM 400MG/4ML INJPO VL+S1 M60 XE",642931
KE,Highchem,,"EPILIM CHRONO 333-145MG T",643216
KE,Highchem,,"EPILIM CHRONO 8.65G/+ TABCR BL10X10 XE",643215
KE,Highchem,,"ERCEFURYL 200MG CAP BL2X14",592593
KE,Highchem,,"ERCEFURYL 3.6G/90ML SOL BTX1 S2 EX",671538
KE,Highchem,,"FLAGENTYL 500MG TABCO BL1X4 S3 XE",664051
KE,Highchem,,"FLAGYL 0.5% 100ML VIAFLEX (GFR)",67294
KE,Highchem,,"FLAGYL 400MG 100 TABS",645817
KE,Highchem,,"FLAGYL SUSPENSION 100ML",645815
KE,Highchem,,"FLEMING 1G-200MG INJPO VL5 M24 EX",476963
KE,Highchem,,"FLEMING 2.5G/+ INJPO BTX1 M24 EX",476006
KE,Highchem,,"FLEMING 2.8MG/70ML PO BTX1 M24 EX",476009
KE,Highchem,,"FLEMING 250-125MG TABCO BL2X10 M24 NG",475271
KE,Highchem,,"FLEMING 5.6G/70ML PO BTX1 M24 GH",477034
KE,Highchem,,"FLEMING 500-100MG INJPO VL10 M24 NG",477037
KE,Highchem,,"FLEMING 500-125MG TABCO BL2X7 M24 EX",477015
KE,Highchem,,"FLEMING 875-125MG TABCO BL2X7 M24 EX",476043
KE,Highchem,,"GUAMET 500MG TABCO BL2X14 M36 KE",390465
KE,Highchem,,"HISTACET 10MG TABCO BL2X10 M36 KE",390470
KE,Highchem,,"HISTACET 60MG/60ML SYR BTX1 M36 KE",264456
KE,Highchem,,"IBEX 200MG+ CAPEM BL2X12 M36 EX",476933
KE,Highchem,,"ALLSTAR MEDSU PEN1 XE",516219
KE,Highchem,,"LANTUS 300IU/3ML.INJ.CRT5.S3.M36.XE",241634
KE,Highchem,,"LANTUS SOLOSTAR 100IU/ML 3ML 5",615902
KE,Highchem,,"LANTUS VIAL 10MG 1",615926
KE,Highchem,,"LASIX 20MG/2ML INJ AM5 S3 M60 XE",518946
KE,Highchem,,"LASIX 40MG TAB BL2X10 SWI M60 XE",505579
KE,Highchem,,"Maalox 460mg/susp SC20 S3 M36 XE",292174
KE,Highchem,,"MAALOX PLUS SUSP 150ML",506742
KE,Highchem,,"MAALOX PLUS SUSPENSION 350ML (EXPORT)",507364
KE,Highchem,,"MAALOX PLUS TABS EXPORT 10",436418
KE,Highchem,,"MAALOX SUSPENSION 150ML (EXPORT)",506704
KE,Highchem,,"MAALOX SUSPENSION 350ML (EXPORT)",506739
KE,Highchem,,"MUCOSOLVAN L.A 75mg CAPSULES * 10's",653084
KE,Highchem,,"MUCOSOLVAN LIQUID 15mg/5ml * 100ml",651777
KE,Highchem,,"MUCOSOLVAN TABLETS 30mg * 20's",660193
KE,Highchem,,"NOSPA 40MG TAB BL10X10 S3",287552
KE,Highchem,,"NOSPA 40MG TAB BL2X10 XE",287550
KE,Highchem,,"NOSPA 40MG/2ML INJ AM25 XD",289137
KE,Highchem,,"NOSPA 40MG/2ML INJ AM5 XD",289138
KE,Highchem,,"NOSPA 80MG TAB BL2X10 S3",287553
KE,Highchem,,"ORELOX 100MG TABCO BL1X10",298689
KE,Highchem,,"ORELOX 200MG 10CP",374872
KE,Highchem,,"ORELOX 400MG/50ML GRAN BTX1 SWI M24 XE",298693
KE,Highchem,,"ORELOX 800MG/+ GRAN BTX1",298691
KE,Highchem,,"PLAVIX 75MG TABCO BL2X14 M36 XE",222428
KE,Highchem,,"RESONIUM A 453.7G/+ POWD BTX1 M60 XE",258746
KE,Highchem,,"RHINATHIOL 10G/200ML SOL BTX1 XM",477825
KE,Highchem,,"RHINATHIOL 2.5G/125ML SYR BTX1 SAF XM",479387
KE,Highchem,,"RHINATHIOL 6.25G/+ SYR BT",479530
KE,Highchem,,"RHINATHIOL PROMETHAZ 2,5G/+ SYR BTX1 XM",323473
KE,Highchem,,"RIFAFOUR E-275 TABS 84",275807
KE,Highchem,,"RIFINAH 150/75MG TABS 56'S",213847
KE,Highchem,,"RIFINAH 300-150MG TABSC BL2X20 ZA",99114
KE,Highchem,,"RIFOCIN 250MG/3ML INJ AM1 S3 M36 XE",312451
KE,Highchem,,"ROXICEF 750MG INJPO VL1 M36 KE",476998
KE,Highchem,,"ROXICEF 750MG INJPO VL10 M36 KE",283389
KE,Highchem,,"STILNOX 10MG TABCO BL1X14 S3 M48 XD",636825
KE,Highchem,,"TARGOCID IV 400",306632
KE,Highchem,,"TARGOCID VIAL 200MG 2",263980
KE,Highchem,,"TARIVID 200MG 10 TABS",54423
KE,Highchem,,"TAVANIC 500MG TABLETS 5's",310637
KE,Highchem,,"TAVANIC 500MG/+ INFLS VL1",694156
KE,Highchem,,"TAXOTERE 20MG/1ML INJ VL1 M24 XE",413689
KE,Highchem,,"TAXOTERE 80mg NSL 1+1 EXP",414074
KE,Highchem,,"TELFAST 120MG 10 SOUTH AFRICA",340973
KE,Highchem,,"MONO-TILDIEM 200MG CAP BL2X14 S3 M36 XD",670688
KE,Highchem,,"MONO-TILDIEM 300MG CAP BL2X14 S3 M36 XE",213711
KE,Highchem,,"TILDIEM 60MG TAB BL2X15 M36 XD",481300
KE,Highchem,,"TRITACE 2,5MG  28 TABS",627595
KE,Highchem,,"TRITACE 5MG 28 TABS",627597
KE,Highchem,,"TRITAZIDE 10-12.5MG TAB BL2X14 S3 M36 XD",627667
KE,Highchem,,"TRITAZIDE 5-12.5MG TAB BL2X14 S3 M36 XD",282348
KE,Highchem,,"TRITAZIDE 5-25MG TAB BL2X14 S3 M36 XE",209742
KE,Highchem,,"XATRAL 10MG TABCR BL3X10 S3 M36 XD",633072
KE,Highchem,,"XATRAL 2.5MG TABCO BL2X15 S3 M36 XE",639628
KE,Highchem,,"XATRAL 5MG TAB BL4X14 S3 M36 XD",612011
KE,Highchem,,"ZOXON 1G INJPO VL1+AM1 M36 KE",477044
KE,Highchem,,"Product 11",aa001
KE,Highchem,,"Test eam",A001
KE,Highchem,,"Product 1114",aa0014
KE,Highchem,,"APROVEL 150MG TABCO BL2X14 RM M36 XE",196680
KE,Laborex,,"AMARYL 1MG 30 TABS",645820
KE,Laborex,,"AMARYL 2MG 30 TABS",645818
KE,Laborex,,"AMARYL 3MG 30'S",261608
KE,Laborex,,"AMARYL 4MG 30 TABS",645819
KE,Laborex,,"AMARYL M SR 2MG 30'S",321233
KE,Laborex,,"AMARYL MIR 2-500MG TABCO BL3X10 XE",307013
KE,Laborex,,"AMEDIN 10MG TABS 2X14",475652
KE,Laborex,,"AMEDIN 5MG TABS 2X14",475862
KE,Laborex,,"APIDRA SOLOSTAR 300IU INJ/5",380567
KE,Laborex,,"APROVASC 150/10",539185
KE,Laborex,,"APROVASC 150/5",539183
KE,Laborex,,"APROVASC 300/10",539181
KE,Laborex,,"APROVASC 300/5",539182
KE,Laborex,,"APROVEL 300MG TABCO BL2X14 RM M36 XE",196681
KE,Laborex,,"COAPROVEL 300-12.5MG TABCO BL2X14 RM XD",247832
KE,Laborex,,"COAPROVEL RM 150-12.5MG TABCO BL2X14 XD",247831
KE,Laborex,,"ASAQ 100MG TAB 25BLIX3 EX",373881
KE,Laborex,,"ASAQ 100MG TAB BL1X3 XD",373877
KE,Laborex,,"ASAQ 100MG TAB BL1X6 XD",373878
KE,Laborex,,"ASAQ 100MG TAB BL25X6 EX",338356
KE,Laborex,,"ASAQ 100MG TAB BL25X6 XD",373879
KE,Laborex,,"ASAQ 100MG TAB BLI25X3 XD",341781
KE,Laborex,,"ASAQ 25MG TAB 25BLIX3 EX",306725
KE,Laborex,,"ASAQ 25MG TAB BL1X3 XD",373875
KE,Laborex,,"ASAQ 25MG TAB BLI25X3 XD",213860
KE,Laborex,,"ASAQ 50MG TAB 25BLIX3 EX",1
KE,Laborex,,"ASAQ 50MG TAB BL1X3 XD",373876
KE,Laborex,,"ASAQ 50MG TAB BLI25X3 XD",222
KE,Laborex,,"ASPEGIC 1G/5ML INJPO BTX20 S3 M24 EX",477045
KE,Laborex,,"AXACEF 250MG TABCO BL1X10 M36 GH",475987
KE,Laborex,,"AXACEF 500MG TABCO BL1X10 M36 KE",475988
KE,Laborex,,"BIOFERON 305MG CAP 3X10",698116
KE,Laborex,,"BIOFERON 8G/200ML+ SYR BTX1 M30 EX",679090
KE,Laborex,,"BISOLVON LINCTUS 200ML",654229
KE,Laborex,,"BISOLVON TABLETS 8mg * 20's",651737
KE,Laborex,,"BRONCHICUM 6.64G/+ ELIX BTX1 XE",352016
KE,Laborex,,"BRUMED 2G/100ML SYR BTX1 M36 EX",476959
KE,Laborex,,"BRUMED 400MG TABSC BL10X10 M36 EX",476936
KE,Laborex,,"BUSCOPAN AMPOULES 20mg/1ml * 5's",652574
KE,Laborex,,"BUSCOPAN PLUS TABLETS * 50's",653030
KE,Laborex,,"BUSCOPAN TABLETS BP 10mg * 50's",651969
KE,Laborex,,"CLEXANE 2KIU/0.2ML INJ PS2 SWI M24 XE",655022
KE,Laborex,,"CLEXANE 4KIU/0.4ML INJ PS2 SWI M24 XE",655023
KE,Laborex,,"CLEXANE 6KIU/0.6ML INJ PS2 SWI M24 XE",655024
KE,Laborex,,"CLEXANE 8KIU/0.8ML INJ PS2 SWI M24 XE",655025
KE,Laborex,,"CORDARONE 200MG TAB BL3X10 S3 M36 XD",554510
KE,Laborex,,"Daonil 5 mg tablets 30'Export Ghana",371243
KE,Laborex,,"DULCOLAX TABLETS 5mg * 30's SugarC",693896
KE,Laborex,,"ELOXATINE* 100MG LYO 1FL VTE EX AMO S3",407096
KE,Laborex,,"ELOXATINE* 50MG LYO 1FL VTE EX AMO S3",370351
KE,Laborex,,"ENTEROGERMINA 2BCFU/5ML SUSP BTX10 S3 XE",618677
KE,Laborex,,"EPILIM 12G/300ML SYR BTX1",641849
KE,Laborex,,"EPILIM 200MG TAB BL10X10",728129
KE,Laborex,,"EPILIM 400MG/4ML INJPO VL+S1 M60 XE",642931
KE,Laborex,,"EPILIM CHRONO 333-145MG T",643216
KE,Laborex,,"EPILIM CHRONO 8.65G/+ TABCR BL10X10 XE",643215
KE,Laborex,,"ERCEFURYL 200MG CAP BL2X14",592593
KE,Laborex,,"ERCEFURYL 3.6G/90ML SOL BTX1 S2 EX",671538
KE,Laborex,,"FLAGENTYL 500MG TABCO BL1X4 S3 XE",664051
KE,Laborex,,"FLAGYL 0.5% 100ML VIAFLEX (GFR)",67294
KE,Laborex,,"FLAGYL 400MG 100 TABS",645817
KE,Laborex,,"FLAGYL SUSPENSION 100ML",645815
KE,Laborex,,"FLEMING 1G-200MG INJPO VL5 M24 EX",476963
KE,Laborex,,"FLEMING 2.5G/+ INJPO BTX1 M24 EX",476006
KE,Laborex,,"FLEMING 2.8MG/70ML PO BTX1 M24 EX",476009
KE,Laborex,,"FLEMING 250-125MG TABCO BL2X10 M24 NG",475271
KE,Laborex,,"FLEMING 5.6G/70ML PO BTX1 M24 GH",477034
KE,Laborex,,"FLEMING 500-100MG INJPO VL10 M24 NG",477037
KE,Laborex,,"FLEMING 500-125MG TABCO BL2X7 M24 EX",477015
KE,Laborex,,"FLEMING 875-125MG TABCO BL2X7 M24 EX",476043
KE,Laborex,,"GUAMET 500MG TABCO BL2X14 M36 KE",390465
KE,Laborex,,"HISTACET 10MG TABCO BL2X10 M36 KE",390470
KE,Laborex,,"HISTACET 60MG/60ML SYR BTX1 M36 KE",264456
KE,Laborex,,"IBEX 200MG+ CAPEM BL2X12 M36 EX",476933
KE,Laborex,,"ALLSTAR MEDSU PEN1 XE",516219
KE,Laborex,,"LANTUS 300IU/3ML.INJ.CRT5.S3.M36.XE",241634
KE,Laborex,,"LANTUS SOLOSTAR 100IU/ML 3ML 5",615902
KE,Laborex,,"LANTUS VIAL 10MG 1",615926
KE,Laborex,,"LASIX 20MG/2ML INJ AM5 S3 M60 XE",518946
KE,Laborex,,"LASIX 40MG TAB BL2X10 SWI M60 XE",505579
KE,Laborex,,"Maalox 460mg/susp SC20 S3 M36 XE",292174
KE,Laborex,,"MAALOX PLUS SUSP 150ML",506742
KE,Laborex,,"MAALOX PLUS SUSPENSION 350ML (EXPORT)",507364
KE,Laborex,,"MAALOX PLUS TABS EXPORT 10",436418
KE,Laborex,,"MAALOX SUSPENSION 150ML (EXPORT)",506704
KE,Laborex,,"MAALOX SUSPENSION 350ML (EXPORT)",506739
KE,Laborex,,"MUCOSOLVAN L.A 75mg CAPSULES * 10's",653084
KE,Laborex,,"MUCOSOLVAN LIQUID 15mg/5ml * 100ml",651777
KE,Laborex,,"MUCOSOLVAN TABLETS 30mg * 20's",660193
KE,Laborex,,"NOSPA 40MG TAB BL10X10 S3",287552
KE,Laborex,,"NOSPA 40MG TAB BL2X10 XE",287550
KE,Laborex,,"NOSPA 40MG/2ML INJ AM25 XD",289137
KE,Laborex,,"NOSPA 40MG/2ML INJ AM5 XD",289138
KE,Laborex,,"NOSPA 80MG TAB BL2X10 S3",287553
KE,Laborex,,"ORELOX 100MG TABCO BL1X10",298689
KE,Laborex,,"ORELOX 200MG 10CP",374872
KE,Laborex,,"ORELOX 400MG/50ML GRAN BTX1 SWI M24 XE",298693
KE,Laborex,,"ORELOX 800MG/+ GRAN BTX1",298691
KE,Laborex,,"PLAVIX 75MG TABCO BL2X14 M36 XE",222428
KE,Laborex,,"RESONIUM A 453.7G/+ POWD BTX1 M60 XE",258746
KE,Laborex,,"RHINATHIOL 10G/200ML SOL BTX1 XM",477825
KE,Laborex,,"RHINATHIOL 2.5G/125ML SYR BTX1 SAF XM",479387
KE,Laborex,,"RHINATHIOL 6.25G/+ SYR BT",479530
KE,Laborex,,"RHINATHIOL PROMETHAZ 2,5G/+ SYR BTX1 XM",323473
KE,Laborex,,"RIFAFOUR E-275 TABS 84",275807
KE,Laborex,,"RIFINAH 150/75MG TABS 56'S",213847
KE,Laborex,,"RIFINAH 300-150MG TABSC BL2X20 ZA",99114
KE,Laborex,,"RIFOCIN 250MG/3ML INJ AM1 S3 M36 XE",312451
KE,Laborex,,"ROXICEF 750MG INJPO VL1 M36 KE",476998
KE,Laborex,,"ROXICEF 750MG INJPO VL10 M36 KE",283389
KE,Laborex,,"STILNOX 10MG TABCO BL1X14 S3 M48 XD",636825
KE,Laborex,,"TARGOCID IV 400",306632
KE,Laborex,,"TARGOCID VIAL 200MG 2",263980
KE,Laborex,,"TARIVID 200MG 10 TABS",54423
KE,Laborex,,"TAVANIC 500MG TABLETS 5's",310637
KE,Laborex,,"TAVANIC 500MG/+ INFLS VL1",694156
KE,Laborex,,"TAXOTERE 20MG/1ML INJ VL1 M24 XE",413689
KE,Laborex,,"TAXOTERE 80mg NSL 1+1 EXP",414074
KE,Laborex,,"TELFAST 120MG 10 SOUTH AFRICA",340973
KE,Laborex,,"MONO-TILDIEM 200MG CAP BL2X14 S3 M36 XD",670688
KE,Laborex,,"MONO-TILDIEM 300MG CAP BL2X14 S3 M36 XE",213711
KE,Laborex,,"TILDIEM 60MG TAB BL2X15 M36 XD",481300
KE,Laborex,,"TRITACE 2,5MG  28 TABS",627595
KE,Laborex,,"TRITACE 5MG 28 TABS",627597
KE,Laborex,,"TRITAZIDE 10-12.5MG TAB BL2X14 S3 M36 XD",627667
KE,Laborex,,"TRITAZIDE 5-12.5MG TAB BL2X14 S3 M36 XD",282348
KE,Laborex,,"TRITAZIDE 5-25MG TAB BL2X14 S3 M36 XE",209742
KE,Laborex,,"XATRAL 10MG TABCR BL3X10 S3 M36 XD",633072
KE,Laborex,,"XATRAL 2.5MG TABCO BL2X15 S3 M36 XE",639628
KE,Laborex,,"XATRAL 5MG TAB BL4X14 S3 M36 XD",612011
KE,Laborex,,"ZOXON 1G INJPO VL1+AM1 M36 KE",477044
KE,Laborex,,"Product 11",aa001
KE,Laborex,,"Test eam",A001
KE,Laborex,,"Product 1114",aa0014
KE,Laborex,,"APROVEL 150MG TABCO BL2X14 RM M36 XE",196680
KE,Surgipharm,,"AMARYL 1MG 30 TABS",645820
KE,Surgipharm,,"AMARYL 2MG 30 TABS",645818
KE,Surgipharm,,"AMARYL 3MG 30'S",261608
KE,Surgipharm,,"AMARYL 4MG 30 TABS",645819
KE,Surgipharm,,"AMARYL M SR 2MG 30'S",321233
KE,Surgipharm,,"AMARYL MIR 2-500MG TABCO BL3X10 XE",307013
KE,Surgipharm,,"AMEDIN 10MG TABS 2X14",475652
KE,Surgipharm,,"AMEDIN 5MG TABS 2X14",475862
KE,Surgipharm,,"APIDRA SOLOSTAR 300IU INJ/5",380567
KE,Surgipharm,,"APROVASC 150/10",539185
KE,Surgipharm,,"APROVASC 150/5",539183
KE,Surgipharm,,"APROVASC 300/10",539181
KE,Surgipharm,,"APROVASC 300/5",539182
KE,Surgipharm,,"APROVEL 300MG TABCO BL2X14 RM M36 XE",196681
KE,Surgipharm,,"COAPROVEL 300-12.5MG TABCO BL2X14 RM XD",247832
KE,Surgipharm,,"COAPROVEL RM 150-12.5MG TABCO BL2X14 XD",247831
KE,Surgipharm,,"ASAQ 100MG TAB 25BLIX3 EX",373881
KE,Surgipharm,,"ASAQ 100MG TAB BL1X3 XD",373877
KE,Surgipharm,,"ASAQ 100MG TAB BL1X6 XD",373878
KE,Surgipharm,,"ASAQ 100MG TAB BL25X6 EX",338356
KE,Surgipharm,,"ASAQ 100MG TAB BL25X6 XD",373879
KE,Surgipharm,,"ASAQ 100MG TAB BLI25X3 XD",341781
KE,Surgipharm,,"ASAQ 25MG TAB 25BLIX3 EX",306725
KE,Surgipharm,,"ASAQ 25MG TAB BL1X3 XD",373875
KE,Surgipharm,,"ASAQ 25MG TAB BLI25X3 XD",213860
KE,Surgipharm,,"ASAQ 50MG TAB 25BLIX3 EX",1
KE,Surgipharm,,"ASAQ 50MG TAB BL1X3 XD",373876
KE,Surgipharm,,"ASAQ 50MG TAB BLI25X3 XD",222
KE,Surgipharm,,"ASPEGIC 1G/5ML INJPO BTX20 S3 M24 EX",477045
KE,Surgipharm,,"AXACEF 250MG TABCO BL1X10 M36 GH",475987
KE,Surgipharm,,"AXACEF 500MG TABCO BL1X10 M36 KE",475988
KE,Surgipharm,,"BIOFERON 305MG CAP 3X10",698116
KE,Surgipharm,,"BIOFERON 8G/200ML+ SYR BTX1 M30 EX",679090
KE,Surgipharm,,"BISOLVON LINCTUS 200ML",654229
KE,Surgipharm,,"BISOLVON TABLETS 8mg * 20's",651737
KE,Surgipharm,,"BRONCHICUM 6.64G/+ ELIX BTX1 XE",352016
KE,Surgipharm,,"BRUMED 2G/100ML SYR BTX1 M36 EX",476959
KE,Surgipharm,,"BRUMED 400MG TABSC BL10X10 M36 EX",476936
KE,Surgipharm,,"BUSCOPAN AMPOULES 20mg/1ml * 5's",652574
KE,Surgipharm,,"BUSCOPAN PLUS TABLETS * 50's",653030
KE,Surgipharm,,"BUSCOPAN TABLETS BP 10mg * 50's",651969
KE,Surgipharm,,"CLEXANE 2KIU/0.2ML INJ PS2 SWI M24 XE",655022
KE,Surgipharm,,"CLEXANE 4KIU/0.4ML INJ PS2 SWI M24 XE",655023
KE,Surgipharm,,"CLEXANE 6KIU/0.6ML INJ PS2 SWI M24 XE",655024
KE,Surgipharm,,"CLEXANE 8KIU/0.8ML INJ PS2 SWI M24 XE",655025
KE,Surgipharm,,"CORDARONE 200MG TAB BL3X10 S3 M36 XD",554510
KE,Surgipharm,,"Daonil 5 mg tablets 30'Export Ghana",371243
KE,Surgipharm,,"DULCOLAX TABLETS 5mg * 30's SugarC",693896
KE,Surgipharm,,"ELOXATINE* 100MG LYO 1FL VTE EX AMO S3",407096
KE,Surgipharm,,"ELOXATINE* 50MG LYO 1FL VTE EX AMO S3",370351
KE,Surgipharm,,"ENTEROGERMINA 2BCFU/5ML SUSP BTX10 S3 XE",618677
KE,Surgipharm,,"EPILIM 12G/300ML SYR BTX1",641849
KE,Surgipharm,,"EPILIM 200MG TAB BL10X10",728129
KE,Surgipharm,,"EPILIM 400MG/4ML INJPO VL+S1 M60 XE",642931
KE,Surgipharm,,"EPILIM CHRONO 333-145MG T",643216
KE,Surgipharm,,"EPILIM CHRONO 8.65G/+ TABCR BL10X10 XE",643215
KE,Surgipharm,,"ERCEFURYL 200MG CAP BL2X14",592593
KE,Surgipharm,,"ERCEFURYL 3.6G/90ML SOL BTX1 S2 EX",671538
KE,Surgipharm,,"FLAGENTYL 500MG TABCO BL1X4 S3 XE",664051
KE,Surgipharm,,"FLAGYL 0.5% 100ML VIAFLEX (GFR)",67294
KE,Surgipharm,,"FLAGYL 400MG 100 TABS",645817
KE,Surgipharm,,"FLAGYL SUSPENSION 100ML",645815
KE,Surgipharm,,"FLEMING 1G-200MG INJPO VL5 M24 EX",476963
KE,Surgipharm,,"FLEMING 2.5G/+ INJPO BTX1 M24 EX",476006
KE,Surgipharm,,"FLEMING 2.8MG/70ML PO BTX1 M24 EX",476009
KE,Surgipharm,,"FLEMING 250-125MG TABCO BL2X10 M24 NG",475271
KE,Surgipharm,,"FLEMING 5.6G/70ML PO BTX1 M24 GH",477034
KE,Surgipharm,,"FLEMING 500-100MG INJPO VL10 M24 NG",477037
KE,Surgipharm,,"FLEMING 500-125MG TABCO BL2X7 M24 EX",477015
KE,Surgipharm,,"FLEMING 875-125MG TABCO BL2X7 M24 EX",476043
KE,Surgipharm,,"GUAMET 500MG TABCO BL2X14 M36 KE",390465
KE,Surgipharm,,"HISTACET 10MG TABCO BL2X10 M36 KE",390470
KE,Surgipharm,,"HISTACET 60MG/60ML SYR BTX1 M36 KE",264456
KE,Surgipharm,,"IBEX 200MG+ CAPEM BL2X12 M36 EX",476933
KE,Surgipharm,,"ALLSTAR MEDSU PEN1 XE",516219
KE,Surgipharm,,"LANTUS 300IU/3ML.INJ.CRT5.S3.M36.XE",241634
KE,Surgipharm,,"LANTUS SOLOSTAR 100IU/ML 3ML 5",615902
KE,Surgipharm,,"LANTUS VIAL 10MG 1",615926
KE,Surgipharm,,"LASIX 20MG/2ML INJ AM5 S3 M60 XE",518946
KE,Surgipharm,,"LASIX 40MG TAB BL2X10 SWI M60 XE",505579
KE,Surgipharm,,"Maalox 460mg/susp SC20 S3 M36 XE",292174
KE,Surgipharm,,"MAALOX PLUS SUSP 150ML",506742
KE,Surgipharm,,"MAALOX PLUS SUSPENSION 350ML (EXPORT)",507364
KE,Surgipharm,,"MAALOX PLUS TABS EXPORT 10",436418
KE,Surgipharm,,"MAALOX SUSPENSION 150ML (EXPORT)",506704
KE,Surgipharm,,"MAALOX SUSPENSION 350ML (EXPORT)",506739
KE,Surgipharm,,"MUCOSOLVAN L.A 75mg CAPSULES * 10's",653084
KE,Surgipharm,,"MUCOSOLVAN LIQUID 15mg/5ml * 100ml",651777
KE,Surgipharm,,"MUCOSOLVAN TABLETS 30mg * 20's",660193
KE,Surgipharm,,"NOSPA 40MG TAB BL10X10 S3",287552
KE,Surgipharm,,"NOSPA 40MG TAB BL2X10 XE",287550
KE,Surgipharm,,"NOSPA 40MG/2ML INJ AM25 XD",289137
KE,Surgipharm,,"NOSPA 40MG/2ML INJ AM5 XD",289138
KE,Surgipharm,,"NOSPA 80MG TAB BL2X10 S3",287553
KE,Surgipharm,,"ORELOX 100MG TABCO BL1X10",298689
KE,Surgipharm,,"ORELOX 200MG 10CP",374872
KE,Surgipharm,,"ORELOX 400MG/50ML GRAN BTX1 SWI M24 XE",298693
KE,Surgipharm,,"ORELOX 800MG/+ GRAN BTX1",298691
KE,Surgipharm,,"PLAVIX 75MG TABCO BL2X14 M36 XE",222428
KE,Surgipharm,,"RESONIUM A 453.7G/+ POWD BTX1 M60 XE",258746
KE,Surgipharm,,"RHINATHIOL 10G/200ML SOL BTX1 XM",477825
KE,Surgipharm,,"RHINATHIOL 2.5G/125ML SYR BTX1 SAF XM",479387
KE,Surgipharm,,"RHINATHIOL 6.25G/+ SYR BT",479530
KE,Surgipharm,,"RHINATHIOL PROMETHAZ 2,5G/+ SYR BTX1 XM",323473
KE,Surgipharm,,"RIFAFOUR E-275 TABS 84",275807
KE,Surgipharm,,"RIFINAH 150/75MG TABS 56'S",213847
KE,Surgipharm,,"RIFINAH 300-150MG TABSC BL2X20 ZA",99114
KE,Surgipharm,,"RIFOCIN 250MG/3ML INJ AM1 S3 M36 XE",312451
KE,Surgipharm,,"ROXICEF 750MG INJPO VL1 M36 KE",476998
KE,Surgipharm,,"ROXICEF 750MG INJPO VL10 M36 KE",283389
KE,Surgipharm,,"STILNOX 10MG TABCO BL1X14 S3 M48 XD",636825
KE,Surgipharm,,"TARGOCID IV 400",306632
KE,Surgipharm,,"TARGOCID VIAL 200MG 2",263980
KE,Surgipharm,,"TARIVID 200MG 10 TABS",54423
KE,Surgipharm,,"TAVANIC 500MG TABLETS 5's",310637
KE,Surgipharm,,"TAVANIC 500MG/+ INFLS VL1",694156
KE,Surgipharm,,"TAXOTERE 20MG/1ML INJ VL1 M24 XE",413689
KE,Surgipharm,,"TAXOTERE 80mg NSL 1+1 EXP",414074
KE,Surgipharm,,"TELFAST 120MG 10 SOUTH AFRICA",340973
KE,Surgipharm,,"MONO-TILDIEM 200MG CAP BL2X14 S3 M36 XD",670688
KE,Surgipharm,,"MONO-TILDIEM 300MG CAP BL2X14 S3 M36 XE",213711
KE,Surgipharm,,"TILDIEM 60MG TAB BL2X15 M36 XD",481300
KE,Surgipharm,,"TRITACE 2,5MG  28 TABS",627595
KE,Surgipharm,,"TRITACE 5MG 28 TABS",627597
KE,Surgipharm,,"TRITAZIDE 10-12.5MG TAB BL2X14 S3 M36 XD",627667
KE,Surgipharm,,"TRITAZIDE 5-12.5MG TAB BL2X14 S3 M36 XD",282348
KE,Surgipharm,,"TRITAZIDE 5-25MG TAB BL2X14 S3 M36 XE",209742
KE,Surgipharm,,"XATRAL 10MG TABCR BL3X10 S3 M36 XD",633072
KE,Surgipharm,,"XATRAL 2.5MG TABCO BL2X15 S3 M36 XE",639628
KE,Surgipharm,,"XATRAL 5MG TAB BL4X14 S3 M36 XD",612011
KE,Surgipharm,,"ZOXON 1G INJPO VL1+AM1 M36 KE",477044
KE,Surgipharm,,"Product 11",aa001
KE,Surgipharm,,"Test eam",A001
KE,Surgipharm,,"Product 1114",aa0014
KE,Surgipharm,,"APROVEL 150MG TABCO BL2X14 RM M36 XE",196680
